Age,Gender,10th_Percentage,12th_Percentage,IQ,CGPA,College_Tier,Communication_Skills,Technical_Skills,Aptitude_Score,Coding_Score,Internships,Projects,Backlogs,Placement
20,Female,58.7,72.5,128,8.61,1,74,77,61,36,0,6,0,0
23,Male,92.8,71.2,101,8.86,1,42,46,82,48,0,1,0,0
23,Female,66.4,91.0,109,6.58,3,53,75,40,80,2,7,0,0
23,Female,71.1,56.4,94,7.41,3,98,97,82,63,0,6,0,0
20,Female,71.7,88.5,123,7.52,3,63,36,97,75,3,7,0,0
25,Female,97.6,96.5,82,6.95,2,51,54,74,86,0,8,0,0
21,Female,63.3,66.0,102,7.97,2,66,35,46,38,1,2,0,0
23,Male,78.5,82.3,95,8.18,3,42,77,66,74,0,3,2,0
23,Male,85.9,84.2,101,7.87,1,96,42,88,96,0,5,0,0
23,Female,60.4,96.9,85,6.14,3,64,90,43,47,1,1,0,0
25,Female,68.1,89.0,122,7.59,3,72,52,61,94,0,6,0,0
24,Male,63.7,68.8,105,5.7,1,52,99,52,32,0,4,0,0
22,Male,69.7,78.1,127,6.7,2,90,96,71,80,2,5,1,1
22,Female,94.3,91.1,86,8.5,1,90,98,61,45,1,6,1,0
22,Female,68.6,64.3,87,7.92,1,51,83,91,37,2,7,0,0
24,Female,70.8,94.6,101,7.91,3,60,42,100,78,0,7,0,0
23,Female,65.4,74.2,116,6.43,2,100,93,72,65,0,1,0,0
25,Male,75.5,56.8,110,7.9,3,97,63,78,34,1,5,1,0
20,Female,86.4,64.8,126,6.22,2,66,80,67,35,1,8,0,0
21,Male,68.0,92.2,117,6.68,1,68,70,91,54,1,2,0,0
23,Female,89.3,74.3,119,7.75,3,73,80,49,93,0,4,3,0
21,Male,72.4,56.1,106,6.72,1,99,66,86,85,1,3,0,0
22,Female,64.1,56.1,103,7.8,2,54,100,82,85,0,4,0,0
20,Female,61.0,86.4,106,7.8,2,95,80,75,32,1,6,0,0
21,Female,95.3,59.5,117,6.08,3,60,45,89,56,3,3,0,0
20,Male,88.9,58.7,103,7.9,2,99,60,82,81,0,3,0,0
25,Male,60.8,56.8,87,8.01,2,55,65,90,85,0,3,0,0
23,Female,88.8,90.0,108,7.71,3,58,65,48,30,2,5,2,0
24,Female,70.9,60.6,105,7.52,2,60,35,91,74,1,1,0,0
24,Female,74.1,59.5,117,6.18,1,80,44,52,56,1,7,1,0
22,Male,71.7,66.2,134,7.79,3,50,59,63,53,0,2,0,0
20,Female,70.5,65.8,105,7.98,3,95,50,82,98,0,6,0,0
25,Female,73.9,65.1,112,7.64,1,89,91,93,79,2,6,2,0
23,Male,72.9,65.3,131,8.33,3,45,57,74,64,1,7,1,0
20,Male,60.2,79.5,107,7.7,3,85,59,96,69,0,6,3,0
21,Female,64.1,56.9,99,8.88,3,50,41,75,58,2,2,0,0
21,Female,79.5,90.1,94,7.85,2,100,62,45,86,0,5,1,0
25,Male,97.1,57.2,111,6.16,2,64,77,82,53,1,7,3,0
25,Male,58.8,64.3,98,6.32,3,82,73,63,95,1,5,0,0
25,Male,97.6,94.8,95,8.35,1,88,47,69,61,1,8,0,0
22,Female,71.1,86.8,118,6.08,3,81,78,52,51,0,1,0,0
23,Male,93.9,97.0,108,6.92,2,48,99,83,42,2,8,2,0
21,Female,69.4,95.3,99,6.71,3,88,69,61,91,0,2,1,0
25,Male,70.9,56.7,92,8.18,3,65,57,89,61,1,3,1,0
23,Male,75.2,66.9,122,7.31,2,44,89,87,90,0,1,0,0
22,Female,74.9,59.8,94,7.21,2,55,95,86,73,1,1,0,0
25,Female,63.7,84.1,91,7.65,1,100,51,57,75,1,2,0,0
21,Male,80.8,77.2,102,6.54,3,51,79,54,72,1,8,0,0
20,Female,76.9,71.1,109,7.77,1,51,59,45,38,1,8,2,0
20,Female,57.2,95.3,113,8.25,3,86,77,63,74,0,3,0,0
23,Female,76.5,56.4,110,8.11,3,49,75,78,90,0,1,0,0
21,Female,79.0,91.5,101,7.85,2,90,77,70,87,1,5,0,0
22,Male,83.0,92.3,133,7.19,3,60,83,76,97,0,1,0,0
25,Female,81.1,88.4,115,7.9,3,66,45,77,79,1,6,0,0
25,Male,97.5,69.8,102,7.14,3,59,88,49,50,1,4,0,0
24,Male,87.3,68.3,115,7.92,2,51,55,89,72,1,3,0,0
20,Male,56.8,64.3,114,8.29,1,75,41,78,60,1,7,2,0
23,Male,80.0,86.7,118,8.6,2,67,55,98,48,0,5,1,0
23,Male,97.5,80.3,115,7.19,2,54,98,97,45,0,3,1,0
25,Female,64.9,82.4,108,7.54,3,95,44,90,64,0,5,0,0
21,Male,97.2,55.4,106,7.02,2,71,44,51,89,0,2,0,0
25,Male,61.1,69.4,126,6.01,2,59,49,84,93,1,6,0,0
20,Male,96.9,96.3,105,6.72,2,46,36,81,74,0,8,0,0
25,Female,63.9,74.5,115,8.37,2,87,89,63,78,0,6,1,0
23,Female,84.6,55.2,138,6.17,2,78,64,49,74,1,6,3,0
23,Male,65.2,66.2,108,7.59,1,89,55,55,97,0,5,1,0
24,Female,57.4,79.2,106,8.97,3,90,52,44,59,1,8,3,0
22,Male,96.5,66.9,112,7.51,2,42,42,55,48,1,7,0,0
24,Female,56.8,91.9,121,5.71,2,94,51,100,54,0,2,0,0
25,Female,67.5,95.1,104,7.0,3,52,62,92,54,0,4,0,0
22,Female,92.0,67.3,96,7.18,1,49,44,100,77,1,6,0,0
20,Female,81.4,91.5,109,8.61,3,89,78,81,43,0,4,1,0
22,Female,65.6,80.3,102,8.51,2,70,67,98,92,0,6,0,0
21,Male,82.5,86.8,108,6.95,2,53,61,61,33,0,4,0,0
24,Male,66.3,73.7,120,6.87,2,52,35,44,59,3,3,0,0
21,Female,72.1,96.4,99,9.65,3,64,58,93,84,0,4,0,0
25,Male,63.0,73.8,100,8.24,3,47,37,71,32,1,1,0,0
21,Female,82.8,92.9,133,7.48,2,42,43,72,57,1,3,0,1
25,Female,86.9,80.0,103,6.82,2,69,43,82,74,2,2,0,0
24,Male,65.7,65.5,112,9.45,3,59,47,55,60,0,5,0,0
22,Male,65.3,94.4,112,7.43,3,57,45,89,96,1,7,0,0
24,Male,78.9,75.9,86,8.78,3,46,95,65,55,1,1,2,0
25,Male,96.4,86.3,125,9.23,3,76,55,79,68,2,2,2,0
20,Female,91.6,58.3,106,6.17,3,61,50,48,89,1,5,0,0
24,Female,93.0,82.2,118,6.54,2,52,63,90,88,0,2,0,0
21,Female,68.3,78.1,98,8.6,2,96,37,86,97,0,3,0,0
23,Male,96.6,97.3,106,6.95,3,48,66,45,42,1,5,0,0
22,Male,65.6,97.1,124,7.13,2,63,89,89,34,0,4,0,0
25,Male,74.7,64.0,113,7.01,3,59,51,60,53,0,7,0,0
23,Male,55.3,76.7,137,8.83,2,50,72,59,68,2,1,1,0
21,Female,64.7,91.8,92,8.7,1,67,43,52,88,2,1,1,0
24,Male,57.5,58.9,113,6.4,3,89,100,62,53,1,8,0,0
25,Female,64.1,82.3,99,6.91,2,41,58,51,55,2,3,0,0
24,Female,88.7,93.5,111,6.69,1,47,63,91,90,1,2,2,0
22,Male,63.7,76.5,119,7.19,3,88,96,69,58,0,7,0,0
20,Male,63.5,64.4,104,7.63,3,73,60,51,63,1,3,0,0
20,Female,79.1,73.7,117,7.79,2,92,79,76,69,3,8,0,1
20,Female,83.9,70.6,103,7.64,3,40,87,51,42,0,6,0,0
22,Male,68.3,62.3,84,7.66,1,58,71,64,33,1,1,0,0
20,Male,56.9,96.5,112,8.47,3,73,40,48,66,0,6,0,0
22,Male,79.0,93.5,111,8.55,3,55,37,50,64,1,8,0,0
20,Male,75.7,93.5,120,6.84,2,75,81,95,35,0,3,2,0
22,Female,63.2,85.2,124,6.64,2,58,63,95,71,1,6,1,0
23,Female,91.7,80.2,113,6.22,3,74,72,98,93,0,5,0,0
21,Female,70.4,96.3,94,6.39,3,82,62,62,39,1,7,0,0
24,Male,57.6,64.2,114,7.55,3,100,55,89,45,0,1,0,0
21,Female,89.8,69.8,105,7.84,3,94,50,92,64,1,2,1,0
24,Male,70.1,84.1,107,7.42,2,69,41,43,59,0,3,0,0
23,Male,64.0,87.6,117,5.68,3,65,94,89,99,2,8,0,1
25,Male,59.8,94.5,114,7.04,2,48,80,46,37,2,7,1,0
23,Female,78.1,68.6,92,7.47,1,61,38,51,83,1,7,1,0
22,Female,93.3,79.9,106,6.95,2,55,60,89,39,2,6,0,0
25,Female,86.1,75.5,118,9.28,1,68,40,59,41,0,3,0,1
21,Male,87.1,61.5,97,6.63,3,73,59,79,78,2,8,0,0
21,Male,67.6,66.2,108,6.53,3,97,41,46,45,0,8,1,0
21,Female,83.0,82.9,114,8.9,2,58,41,40,100,0,6,0,0
24,Female,86.1,70.3,99,8.47,2,44,37,90,84,0,4,0,0
22,Female,60.7,61.0,115,6.83,3,66,92,73,62,2,6,0,0
22,Male,57.3,88.5,106,7.52,3,69,40,49,33,0,3,0,0
25,Male,78.0,76.7,101,9.6,3,50,49,65,58,1,8,0,0
20,Male,75.4,70.9,110,6.76,3,82,83,93,83,0,1,0,0
22,Female,66.5,93.2,110,6.81,2,64,37,60,76,0,5,0,0
21,Male,72.6,55.9,119,9.01,1,87,93,80,95,3,3,0,1
25,Female,85.4,90.0,92,5.12,3,63,72,96,97,2,6,0,0
25,Female,87.3,87.3,117,8.46,3,51,75,92,42,2,8,1,1
22,Female,88.3,59.4,107,6.06,3,57,80,40,90,0,2,0,0
22,Male,92.3,86.6,121,6.33,3,82,46,73,64,0,3,0,0
25,Female,88.6,92.5,107,6.61,3,77,92,78,57,1,4,0,0
25,Female,80.6,73.7,116,7.29,3,46,82,72,64,0,5,0,0
20,Female,61.2,57.4,115,6.55,3,87,66,70,78,0,4,1,0
22,Female,72.3,78.6,98,8.08,3,87,98,54,84,2,6,0,1
22,Male,60.4,73.9,113,6.31,2,40,93,73,95,0,2,0,0
20,Female,56.6,56.0,104,6.68,2,94,47,49,94,0,4,1,0
20,Male,94.8,74.0,98,7.56,3,42,78,87,51,1,5,1,0
20,Male,68.5,67.6,113,7.38,2,78,77,88,80,1,7,3,0
20,Male,81.3,67.2,112,8.54,2,84,89,92,49,1,6,0,1
22,Male,88.2,62.9,108,6.51,2,61,42,65,77,1,5,3,0
21,Male,60.0,71.7,125,8.47,1,61,64,70,73,0,5,0,1
23,Female,75.3,80.1,104,7.07,3,92,50,82,58,1,4,0,0
21,Female,58.2,91.3,80,6.24,2,68,76,97,47,1,5,0,0
20,Female,70.2,68.9,117,7.4,2,53,98,42,65,2,3,0,0
25,Female,62.1,65.6,116,8.11,3,78,36,77,31,3,4,1,0
23,Female,69.9,61.6,116,7.75,3,82,76,66,61,1,3,2,0
20,Male,68.8,96.0,125,8.35,2,40,43,79,41,1,7,1,0
23,Female,81.2,95.0,101,8.0,2,90,36,91,47,0,1,1,0
22,Male,57.7,71.5,84,7.51,2,85,84,86,100,2,1,1,0
22,Male,73.5,96.7,106,7.41,3,64,63,46,65,1,3,1,0
22,Male,88.9,66.2,118,7.59,3,46,61,70,42,0,5,0,0
23,Male,63.0,57.0,113,7.88,3,50,37,72,46,0,3,0,0
20,Female,57.2,64.3,124,5.0,3,78,72,41,49,0,3,1,0
23,Female,75.7,78.4,119,7.99,2,77,84,46,35,0,1,3,0
21,Male,79.9,60.1,112,8.64,3,58,79,44,45,1,8,0,1
22,Female,89.0,62.2,102,7.15,3,93,71,99,87,1,7,0,0
21,Female,75.7,89.7,111,8.32,2,100,63,47,81,0,5,0,0
24,Male,61.4,80.4,92,7.59,2,81,87,53,47,0,4,0,0
25,Male,55.8,59.1,92,7.48,1,80,56,72,42,1,8,0,0
24,Female,85.9,94.4,110,7.48,2,62,98,48,50,1,3,0,0
24,Male,95.6,72.4,105,8.16,3,87,36,46,96,1,4,0,0
22,Male,72.0,92.4,134,6.34,2,93,73,59,71,2,8,0,1
20,Male,85.5,77.5,111,5.47,1,44,53,61,74,0,4,0,1
21,Female,73.9,83.9,121,7.24,1,49,86,46,49,2,5,0,0
25,Female,67.0,60.3,103,7.52,2,51,54,70,84,2,2,0,0
23,Female,76.0,95.0,102,8.31,3,50,64,93,55,0,1,2,0
23,Female,70.4,92.0,111,7.23,2,40,65,98,49,2,3,0,1
23,Male,56.4,90.7,103,8.26,2,40,65,100,100,1,6,0,0
24,Female,94.6,66.6,93,6.04,1,80,81,85,55,3,1,0,0
22,Male,67.0,72.6,125,8.26,2,46,51,89,87,2,5,0,1
23,Male,92.9,84.2,109,7.04,1,80,48,41,58,0,5,0,0
21,Female,59.2,74.0,129,8.76,2,84,60,50,94,0,2,3,0
25,Male,89.8,58.4,111,6.94,1,48,72,82,57,0,5,0,0
24,Female,55.2,93.5,120,6.91,3,96,63,78,56,0,1,0,0
25,Male,80.0,65.8,122,8.17,3,44,50,82,66,1,2,1,0
25,Female,97.8,81.6,136,5.65,2,57,69,41,88,0,8,0,0
23,Male,73.4,92.8,97,6.95,2,49,100,60,71,1,6,0,0
21,Female,89.5,69.2,111,7.66,2,54,36,74,42,0,7,1,0
23,Male,85.6,64.5,105,7.04,2,54,65,56,81,1,6,3,0
25,Male,77.7,85.1,97,7.81,3,95,92,40,50,0,1,0,0
25,Female,80.5,97.3,92,7.67,2,80,63,80,43,2,6,0,0
21,Female,66.2,88.8,85,7.46,2,89,48,90,92,0,3,0,0
25,Male,72.5,89.8,135,6.29,3,52,83,75,64,3,1,0,0
23,Male,67.4,75.0,105,7.82,1,96,72,69,64,0,8,0,1
24,Male,63.5,97.3,107,8.49,2,82,72,49,99,0,5,0,0
25,Male,88.8,69.4,91,8.16,3,71,47,51,65,2,3,0,0
22,Male,63.0,96.0,114,6.8,2,52,60,93,77,0,4,2,0
24,Male,60.9,62.6,129,8.41,3,71,56,97,87,0,7,1,0
23,Male,78.9,63.3,113,7.2,3,97,60,70,69,0,8,0,0
25,Female,70.2,95.9,103,8.05,3,51,74,66,39,1,2,1,0
22,Male,67.2,82.8,112,6.81,3,89,49,49,97,0,2,0,0
23,Male,72.6,60.0,115,7.53,3,61,50,64,89,0,2,1,0
22,Female,87.2,63.4,123,7.46,1,87,49,59,32,0,3,1,0
22,Female,81.5,74.5,93,6.94,3,84,98,67,30,1,5,0,0
20,Male,74.5,76.1,95,8.53,1,71,36,42,73,0,8,0,0
25,Female,64.5,81.3,107,8.02,3,69,46,100,54,0,6,1,0
23,Female,66.5,90.4,103,7.09,3,51,96,43,76,3,8,0,0
25,Female,57.2,76.3,124,8.0,1,47,61,91,82,0,2,0,0
20,Female,83.9,83.0,104,7.63,2,47,65,97,77,2,1,1,0
25,Male,73.8,62.8,110,7.71,1,57,60,40,49,0,8,0,1
23,Female,82.1,59.4,106,7.86,3,71,69,83,38,0,2,0,0
24,Female,86.4,80.3,98,6.5,2,58,48,98,42,0,4,0,0
20,Male,80.8,63.2,114,6.88,3,73,36,99,78,0,8,0,0
20,Female,73.9,78.1,115,8.01,3,58,78,56,42,1,2,0,0
25,Female,81.2,55.5,108,7.0,2,95,61,97,53,2,3,0,0
21,Female,65.2,61.7,102,6.96,2,56,62,56,62,1,3,0,0
21,Female,87.8,76.8,99,8.66,3,89,88,49,47,1,7,0,0
25,Female,86.6,71.4,88,7.48,3,89,68,42,67,1,8,0,0
20,Male,93.8,66.2,111,5.56,3,83,81,100,98,2,8,0,0
20,Male,91.2,87.3,95,7.44,3,41,47,84,78,0,6,0,0
23,Female,81.6,77.8,89,7.12,3,44,75,59,86,0,3,2,0
20,Female,66.6,94.0,99,6.9,3,84,44,98,90,1,1,0,0
24,Female,58.0,84.4,119,8.05,3,65,88,90,78,0,3,0,1
21,Male,95.0,71.7,89,7.6,2,74,47,43,67,2,4,0,0
23,Female,78.2,83.1,120,7.86,3,83,92,45,34,0,7,0,0
21,Female,92.5,71.4,121,6.3,3,76,77,74,83,2,5,0,0
21,Male,78.8,60.6,84,6.92,1,65,70,79,46,0,2,0,0
23,Female,85.7,58.5,110,6.72,3,77,45,84,31,1,7,0,0
20,Male,94.1,94.3,96,6.81,3,79,97,98,66,3,4,0,0
22,Male,91.7,92.6,106,6.84,3,97,46,47,42,2,3,1,0
25,Male,70.4,82.2,100,6.78,3,66,52,53,44,1,8,2,0
21,Female,90.0,81.2,102,7.54,3,52,53,42,79,2,7,2,0
25,Male,71.6,72.2,120,8.68,1,53,81,89,31,0,6,0,0
20,Female,70.5,62.7,95,7.61,3,75,99,75,95,1,8,0,0
22,Female,79.8,64.7,106,6.77,2,73,38,54,77,1,6,0,0
20,Female,94.5,87.1,98,8.54,1,84,62,46,94,1,3,3,0
23,Female,55.8,82.3,111,7.29,3,77,48,52,80,2,3,0,0
24,Female,74.2,69.7,111,6.55,3,80,86,85,84,2,6,2,0
21,Male,61.0,75.7,116,7.57,3,56,51,94,84,2,2,2,0
20,Female,95.3,85.2,105,8.15,3,42,72,78,93,0,5,1,0
22,Female,75.3,88.8,90,7.15,3,45,62,97,34,2,2,0,0
25,Male,67.5,57.6,107,7.25,3,48,91,80,46,0,2,2,0
23,Female,88.5,97.6,107,7.79,2,61,77,95,100,2,8,1,0
21,Female,83.9,75.6,104,5.44,3,92,38,83,99,2,5,2,0
20,Female,59.3,71.4,114,5.78,2,54,51,78,97,3,5,0,0
21,Female,56.4,72.1,96,7.54,2,89,92,87,87,1,5,0,0
25,Male,85.5,95.7,86,6.45,2,56,90,92,59,0,4,0,0
24,Female,72.1,67.1,104,7.46,2,94,69,92,81,2,4,1,0
20,Female,87.8,57.4,121,9.68,3,100,41,40,46,2,8,0,0
22,Female,85.9,95.5,96,9.1,3,49,92,51,97,0,7,1,0
21,Male,55.4,70.9,98,7.1,2,67,74,44,84,1,6,1,0
25,Male,56.4,76.8,104,7.62,2,88,92,40,69,1,6,0,0
21,Male,71.7,90.7,120,6.59,3,95,73,52,52,1,5,0,0
22,Male,91.5,69.9,101,8.16,1,50,65,62,36,2,5,2,0
20,Female,81.9,64.8,105,7.71,2,97,50,90,43,0,8,0,0
23,Female,73.9,87.0,132,7.44,3,45,56,97,39,0,8,0,0
20,Female,65.0,73.0,103,6.95,1,56,62,82,46,1,2,0,0
23,Female,70.4,93.4,128,6.95,2,71,48,40,81,0,6,0,0
22,Male,83.4,82.3,128,7.06,2,65,36,70,64,1,8,0,0
23,Male,89.8,58.3,102,7.53,3,57,75,61,63,3,1,0,0
24,Female,93.5,88.0,112,7.38,3,89,82,62,64,2,3,2,0
20,Male,88.4,78.2,111,6.76,2,93,87,44,35,2,1,0,0
25,Male,89.2,61.7,108,8.88,1,86,36,44,66,0,4,0,1
21,Male,89.5,97.7,125,6.04,3,50,71,47,93,2,4,2,0
20,Male,91.2,91.4,80,7.09,1,77,78,49,48,1,6,0,1
25,Male,76.8,64.7,115,5.96,2,48,80,44,72,0,5,0,0
21,Male,57.8,70.3,109,7.76,3,80,51,76,77,2,3,0,0
25,Male,87.5,81.8,108,8.16,3,91,86,63,91,0,8,0,1
20,Female,93.6,66.8,90,7.91,3,74,69,80,99,2,1,0,0
25,Female,61.0,91.8,112,5.7,3,98,75,64,45,1,4,0,0
25,Male,76.6,65.4,121,7.63,2,58,62,85,72,0,6,0,0
25,Female,74.7,71.3,107,9.74,3,54,97,85,91,1,7,1,0
20,Female,67.9,80.8,110,5.02,2,80,56,94,92,2,4,0,0
24,Female,62.3,74.6,107,8.86,2,64,91,67,48,2,5,0,1
23,Male,61.1,80.9,137,6.68,2,83,66,64,69,2,5,1,0
24,Female,82.3,75.6,141,6.68,3,40,74,81,98,1,1,0,1
21,Male,63.7,58.8,120,8.05,3,59,83,42,79,1,2,2,0
24,Female,63.3,94.8,109,6.41,3,71,82,88,82,2,5,0,0
25,Male,75.0,90.2,83,7.33,1,43,51,46,70,0,2,0,0
23,Female,73.2,72.1,122,5.6,3,50,53,44,69,2,4,0,0
22,Male,59.2,91.3,121,7.37,3,49,58,47,55,1,7,0,0
25,Female,71.3,75.2,126,7.06,3,56,85,80,58,1,4,0,0
21,Female,87.4,84.6,113,7.14,2,48,65,100,99,1,6,0,1
21,Female,95.2,56.2,130,7.41,3,48,100,99,32,0,1,0,0
22,Female,68.2,85.1,100,8.01,2,80,38,76,65,0,8,0,0
25,Female,85.2,94.2,112,7.71,3,94,43,91,86,2,8,2,0
21,Female,59.1,71.0,106,7.2,2,75,50,61,79,2,7,1,0
25,Female,78.5,75.1,98,8.62,3,92,73,90,40,1,5,0,0
20,Female,69.3,80.4,115,7.72,3,75,78,55,85,0,6,0,0
23,Female,91.6,63.2,124,7.1,2,77,96,92,48,0,3,3,0
21,Male,56.0,81.2,94,8.04,3,73,48,50,39,2,6,0,0
23,Female,67.0,82.7,118,7.22,3,85,76,40,69,2,2,0,0
23,Female,96.1,84.8,135,7.58,3,62,99,89,47,0,1,0,0
22,Male,75.7,76.4,95,6.18,2,100,67,40,68,1,2,0,0
20,Male,87.4,73.2,118,8.23,3,59,97,77,46,2,1,0,0
24,Male,88.9,78.1,104,8.19,1,61,55,79,50,1,5,2,0
23,Male,68.1,67.5,91,7.94,2,97,39,44,89,2,8,0,0
21,Female,83.7,86.0,102,7.53,3,52,62,68,80,0,6,2,0
24,Male,70.0,62.8,98,7.74,2,55,56,100,65,0,5,0,0
25,Female,90.1,57.0,119,7.14,3,83,48,51,81,2,6,1,0
22,Female,80.9,56.9,122,6.4,1,44,59,55,56,1,5,0,0
21,Female,55.9,85.5,102,8.22,3,44,55,76,85,1,5,0,0
23,Female,79.6,77.2,90,8.24,2,80,89,51,95,1,6,0,0
25,Male,71.3,60.1,108,6.18,3,74,76,69,91,1,2,0,0
20,Female,74.7,72.4,117,7.88,3,87,60,82,53,0,2,1,0
22,Male,83.2,74.4,90,7.41,1,54,46,96,74,1,7,0,0
24,Female,69.3,97.7,94,8.01,2,85,97,70,85,1,1,0,0
22,Male,55.3,86.2,124,5.45,2,71,99,75,80,2,1,1,0
22,Female,88.4,76.9,91,8.56,2,59,95,83,76,1,5,0,0
24,Female,97.5,65.8,112,7.2,2,71,38,78,57,0,4,0,1
21,Male,87.9,91.6,107,6.73,3,85,70,100,95,1,5,0,0
25,Male,62.8,77.1,118,7.63,3,86,39,73,95,1,2,0,0
22,Male,57.2,87.5,86,6.8,1,57,63,80,38,0,1,1,0
22,Male,85.0,61.5,129,7.25,3,42,40,92,30,1,7,0,0
23,Male,55.2,82.7,110,9.01,2,65,96,99,56,0,4,0,0
22,Male,59.4,62.7,89,8.53,3,93,51,40,36,0,4,0,0
25,Male,57.2,92.1,132,7.34,3,98,52,55,33,0,1,1,0
24,Male,76.1,97.5,118,7.38,3,41,52,87,41,1,5,0,0
21,Female,70.2,65.8,111,6.77,3,48,80,77,46,0,7,0,0
23,Male,83.5,84.6,130,6.94,3,84,99,75,96,0,7,2,0
24,Male,81.3,81.7,109,8.66,3,81,70,69,67,2,3,1,0
23,Male,95.0,90.8,114,7.8,2,90,71,99,33,2,6,0,1
21,Female,66.1,97.6,105,7.89,1,63,80,81,45,2,4,0,0
20,Female,61.7,85.7,105,5.7,2,61,53,40,62,0,3,0,0
23,Male,65.0,82.2,87,7.14,1,48,100,56,93,0,5,0,0
22,Male,73.8,69.6,113,9.03,1,89,89,87,100,0,3,0,0
25,Male,96.7,85.3,131,7.92,3,68,95,80,69,0,1,0,0
23,Male,75.7,64.1,116,5.7,2,92,69,81,84,0,2,0,0
21,Male,79.2,63.6,114,5.0,3,46,56,51,48,2,3,0,0
24,Female,81.1,70.4,123,7.8,2,77,95,97,32,2,1,0,1
22,Female,69.9,67.1,103,8.01,2,68,51,96,60,2,3,0,1
24,Male,96.2,64.2,125,7.59,3,81,95,77,91,2,2,2,0
22,Male,56.9,61.0,103,7.84,2,89,62,95,84,1,2,0,0
25,Male,79.6,95.7,106,6.81,3,78,37,73,92,2,5,2,0
25,Female,91.5,88.6,99,7.02,1,66,41,99,50,1,1,0,0
20,Female,83.4,58.1,101,8.16,3,55,54,59,46,1,5,0,0
22,Male,76.7,66.3,101,6.79,2,87,54,63,37,0,3,1,0
25,Male,91.4,79.4,105,7.4,3,70,78,74,37,0,4,1,0
25,Female,72.0,87.7,117,8.22,2,84,98,50,92,1,2,2,0
24,Female,70.4,82.0,100,6.44,3,58,78,64,91,3,6,1,0
24,Female,55.7,94.7,119,8.06,2,73,61,96,38,1,5,0,0
21,Male,57.0,68.6,93,6.25,2,59,36,100,90,2,7,0,0
20,Female,85.0,75.7,110,7.5,2,74,66,68,30,0,7,0,1
22,Female,95.7,64.1,122,7.14,2,69,59,79,66,0,5,0,0
23,Male,62.1,97.9,127,6.87,2,83,36,40,39,3,8,0,1
21,Male,77.4,91.6,98,6.98,2,45,47,71,79,2,7,0,0
23,Female,86.7,84.9,114,7.42,3,42,98,98,94,1,8,0,0
22,Male,75.1,65.5,110,7.7,1,87,61,83,49,3,6,1,1
22,Male,78.0,95.8,109,6.54,3,42,51,71,62,2,8,0,0
22,Female,75.2,81.1,126,6.15,3,54,72,49,45,1,4,0,0
21,Female,72.2,86.7,109,6.99,3,98,44,75,33,1,7,0,0
22,Male,77.2,84.3,107,6.93,3,49,79,74,51,1,5,0,0
22,Male,93.5,93.0,95,8.34,3,77,45,71,50,0,7,0,0
20,Female,97.4,61.7,104,7.95,3,95,44,99,82,0,2,1,0
23,Male,83.5,82.6,111,8.33,1,64,75,89,46,1,6,0,0
21,Female,75.8,90.2,110,7.16,2,93,75,88,54,0,1,0,0
21,Male,80.3,89.0,98,6.87,3,81,52,51,52,0,1,1,0
23,Male,95.3,71.7,124,6.11,3,54,64,94,42,0,8,0,0
20,Female,75.2,86.8,126,7.19,3,45,66,92,63,2,4,1,0
22,Male,55.0,88.7,116,8.13,1,44,80,81,30,0,5,0,0
22,Male,82.9,55.1,96,7.05,3,72,89,72,96,2,4,0,0
21,Male,59.9,75.1,115,8.23,3,91,64,85,88,2,5,1,0
21,Male,86.5,85.2,110,5.5,3,94,63,100,94,1,3,1,0
22,Female,78.0,73.7,108,7.29,3,41,72,64,89,0,5,3,0
22,Male,86.8,88.7,99,7.51,3,76,47,73,49,1,3,0,0
20,Female,65.0,90.0,95,7.73,1,83,57,40,92,0,1,0,0
24,Female,69.3,90.8,106,7.76,3,98,85,69,39,1,8,1,0
23,Male,80.2,57.9,113,6.4,2,75,74,84,95,2,3,1,0
24,Female,79.8,80.2,110,8.4,1,55,100,51,38,2,7,0,1
25,Male,58.7,94.4,92,7.22,2,84,70,70,72,2,2,0,0
23,Male,86.8,61.6,120,5.87,1,63,35,65,84,0,5,0,0
20,Male,81.0,83.7,122,6.32,2,87,74,60,75,1,2,1,0
24,Female,65.5,90.9,98,7.09,3,79,58,60,98,1,2,0,0
23,Female,88.1,67.2,97,9.22,2,94,50,71,97,0,5,0,0
21,Male,86.4,86.2,114,6.39,3,53,77,60,57,2,5,0,0
20,Female,64.7,92.8,108,6.76,3,90,67,92,32,0,3,2,0
23,Male,79.9,96.3,106,8.78,3,78,54,52,65,0,6,0,0
24,Female,74.8,75.0,115,7.0,3,54,88,100,45,1,4,0,0
24,Female,57.3,66.2,114,6.58,1,100,35,72,75,1,2,0,0
22,Male,82.4,85.9,93,6.03,1,40,64,72,77,2,8,0,0
22,Male,96.6,87.9,100,7.27,2,100,84,83,73,0,3,2,0
21,Male,74.8,89.8,111,5.82,2,41,61,71,43,0,3,0,0
23,Female,66.5,58.0,99,7.91,3,62,91,94,88,1,3,0,0
22,Female,60.0,75.3,103,6.95,2,84,71,74,44,0,1,0,0
23,Male,89.2,63.9,107,6.9,1,72,44,76,46,3,1,0,1
20,Male,55.0,73.2,120,6.2,3,65,74,76,44,2,7,1,0
23,Female,91.6,69.5,108,7.63,2,80,56,63,71,0,5,0,1
25,Male,56.4,58.9,119,6.32,2,46,91,43,78,0,2,0,0
24,Female,83.6,75.7,101,7.56,1,74,63,73,44,0,1,0,0
24,Female,78.9,62.7,99,6.5,1,85,95,43,60,0,5,2,0
25,Female,74.9,69.1,116,6.5,1,93,86,88,53,2,7,0,1
21,Male,62.6,65.7,97,7.93,1,80,64,62,99,2,7,0,1
25,Female,58.3,86.8,104,6.96,3,50,83,81,35,2,2,0,0
25,Female,96.8,89.5,99,7.62,3,71,36,56,39,0,8,1,0
20,Male,77.9,68.2,108,8.89,3,99,85,64,85,1,8,0,0
20,Male,57.6,61.1,123,8.0,3,49,74,87,44,1,2,0,0
22,Female,92.7,86.6,102,7.9,3,51,47,45,81,1,6,0,0
23,Female,75.0,72.2,96,7.53,3,42,39,96,50,1,4,1,0
24,Male,63.0,68.2,96,8.54,3,46,94,98,72,1,7,0,0
25,Male,55.2,65.5,122,7.69,1,91,45,84,55,1,5,0,1
25,Female,71.2,63.2,81,7.21,2,69,92,89,76,0,3,0,0
25,Female,84.9,68.3,115,8.13,1,97,78,89,86,2,6,1,1
22,Male,92.5,61.3,87,5.91,3,78,99,94,50,2,2,0,0
20,Male,73.4,72.2,117,8.35,2,89,38,85,57,0,2,1,0
24,Male,83.5,90.0,110,6.81,2,99,41,50,94,0,3,0,0
25,Female,71.3,66.0,126,7.3,3,75,93,52,43,2,5,0,0
24,Female,84.2,87.0,106,6.91,2,84,82,60,60,0,2,1,0
22,Female,96.8,58.2,99,7.32,3,81,52,83,88,0,5,1,0
21,Female,69.9,57.6,105,5.86,2,42,73,82,61,1,4,0,0
24,Female,83.8,60.3,118,8.02,2,82,41,75,93,2,2,0,1
23,Male,57.1,79.3,108,7.77,1,98,73,64,98,0,7,0,0
22,Female,60.4,64.3,100,7.65,1,47,95,73,66,0,3,3,0
22,Female,94.6,76.3,116,8.41,3,95,62,76,40,3,2,0,1
23,Female,96.1,89.2,122,7.39,2,65,91,55,62,0,4,0,0
25,Female,68.9,86.6,104,5.67,3,47,74,89,47,1,5,0,0
23,Male,95.1,75.7,96,7.99,3,67,51,83,93,2,5,0,0
25,Male,73.0,76.5,122,9.67,2,77,46,91,77,1,6,1,0
23,Male,63.3,91.7,118,7.67,2,99,94,50,55,1,3,0,1
20,Male,62.9,81.1,106,6.85,1,46,96,79,74,0,4,0,0
24,Female,65.9,74.2,96,6.85,3,80,43,60,83,2,5,0,0
25,Female,87.3,68.2,104,7.83,3,70,91,43,86,3,8,0,1
24,Male,57.8,75.0,102,8.3,1,91,93,83,58,2,5,0,1
25,Female,96.6,71.8,101,8.05,2,69,80,45,65,0,1,0,0
24,Male,65.8,55.1,94,7.25,3,42,62,40,71,1,3,0,0
24,Male,61.9,64.8,98,7.88,3,66,94,86,32,0,6,0,0
23,Female,89.0,55.3,83,8.21,2,58,99,99,77,1,2,1,0
20,Female,72.9,85.1,104,7.46,3,46,79,78,31,1,4,2,0
20,Male,79.5,77.7,143,7.63,3,55,97,87,34,3,7,1,0
23,Male,79.5,57.5,108,6.91,2,66,83,56,48,2,8,1,0
20,Female,66.0,66.8,84,6.59,3,76,56,58,63,3,8,0,0
22,Female,92.1,78.0,92,8.75,1,45,56,93,94,2,4,0,1
23,Male,93.0,97.2,112,7.32,3,44,81,73,90,0,8,1,0
25,Female,87.4,87.9,118,8.29,2,97,46,50,46,0,1,0,0
21,Female,83.5,86.2,106,7.65,3,50,99,93,100,1,1,0,0
21,Male,63.2,70.8,109,7.78,3,59,63,41,98,1,8,0,0
25,Female,78.7,86.2,107,7.76,2,94,45,73,75,0,2,0,0
24,Female,73.8,66.1,98,6.95,1,80,41,96,30,1,3,0,0
23,Male,66.0,58.3,104,9.21,1,91,46,45,71,0,2,3,0
25,Female,65.6,60.8,99,7.83,2,70,76,73,80,0,5,0,0
24,Female,59.1,79.3,106,7.27,3,85,58,100,49,3,5,0,0
23,Male,68.3,70.9,91,7.81,3,92,99,98,34,1,2,1,0
22,Female,70.1,58.3,104,7.21,3,83,56,75,45,0,3,0,0
25,Female,57.3,73.8,114,6.81,3,52,64,74,62,0,7,0,0
25,Female,87.2,96.3,120,5.0,3,92,65,87,83,2,4,0,0
22,Male,97.2,73.5,125,7.05,2,65,47,71,34,0,7,3,0
22,Male,70.2,67.0,107,6.86,2,80,87,91,96,2,2,1,0
23,Male,89.4,61.4,91,7.57,3,93,97,90,36,1,6,0,0
24,Female,65.0,74.4,102,8.79,3,72,66,55,68,1,3,0,0
21,Female,55.2,74.3,130,9.9,3,69,56,69,58,0,7,0,0
23,Female,74.1,96.9,96,8.85,3,53,59,47,44,0,5,0,0
22,Female,77.2,93.4,115,6.33,3,100,37,75,87,2,3,0,0
25,Male,55.9,61.6,99,6.68,3,93,65,65,38,3,2,0,0
24,Female,56.2,90.2,100,9.47,3,68,59,67,37,1,5,0,0
24,Male,76.7,75.8,93,7.21,1,76,59,49,63,0,2,0,0
23,Female,94.9,73.5,109,7.16,3,83,83,45,59,2,6,1,0
25,Male,82.7,91.3,115,7.44,3,93,78,72,45,1,1,0,0
21,Male,81.1,87.0,91,6.23,2,70,67,47,56,0,8,0,0
22,Female,80.0,68.9,105,7.62,3,81,50,62,54,0,2,3,0
20,Male,96.1,89.2,120,6.9,3,98,36,85,72,0,8,3,0
25,Male,81.7,96.2,111,7.37,3,81,57,91,82,0,6,0,0
22,Female,83.4,59.7,118,8.44,2,86,95,89,57,1,7,0,0
20,Male,97.5,63.9,100,7.04,3,76,78,62,48,2,6,0,0
20,Female,87.5,88.5,105,9.38,3,79,67,82,96,0,2,1,0
20,Female,62.1,71.6,97,6.99,3,67,72,87,78,1,6,0,0
24,Female,80.1,77.1,106,6.43,2,92,63,49,32,1,4,3,0
20,Male,63.4,72.9,101,7.45,3,52,62,44,56,1,8,0,0
22,Female,75.9,67.9,125,7.21,3,45,89,100,59,2,2,0,0
20,Male,94.0,87.5,111,9.42,3,93,40,40,67,1,5,0,0
24,Female,60.5,68.7,120,7.55,3,70,59,80,46,0,4,0,0
20,Male,95.8,61.5,113,7.38,3,60,72,71,72,1,1,0,0
25,Male,97.0,59.3,97,6.7,2,88,51,87,97,1,8,0,0
20,Male,68.2,81.8,99,5.8,1,83,70,90,69,0,4,0,0
20,Female,56.6,90.6,107,7.15,2,70,92,60,92,0,6,1,0
20,Male,91.1,85.1,110,6.04,3,55,100,60,53,3,1,0,0
23,Female,71.1,89.8,110,6.72,3,56,64,89,71,0,5,0,0
22,Male,57.1,81.8,98,6.17,3,53,80,51,38,1,4,0,0
23,Female,62.0,59.8,111,6.72,2,54,49,72,54,0,1,1,0
24,Female,92.3,62.1,110,6.28,3,65,81,56,90,3,8,1,0
25,Female,79.6,94.8,98,8.33,3,83,81,91,75,0,7,0,0
25,Male,56.1,64.1,103,7.13,2,75,61,98,52,1,1,1,0
22,Male,56.9,78.0,111,7.72,3,92,46,77,49,2,7,0,0
20,Female,97.0,82.4,104,7.31,2,73,72,97,58,2,5,0,0
20,Male,90.9,77.0,112,8.38,3,47,96,42,64,1,3,0,0
25,Male,70.4,72.6,91,8.19,3,51,90,66,62,0,5,0,0
25,Female,90.0,85.8,118,8.21,3,87,94,95,74,0,1,0,0
24,Female,67.7,59.8,112,6.91,1,97,67,63,93,0,4,0,0
22,Male,68.9,77.2,129,7.73,2,58,77,97,73,1,7,1,1
20,Female,77.6,55.3,98,6.74,3,80,100,70,96,2,7,3,0
24,Male,91.2,64.2,117,7.17,2,56,89,98,66,1,8,1,0
22,Male,68.3,74.2,117,8.35,3,90,42,90,56,0,5,0,0
23,Female,89.9,90.9,114,7.48,3,78,74,65,68,0,2,0,0
24,Female,96.2,73.9,116,8.0,2,93,38,59,68,0,5,0,0
21,Female,55.2,71.4,123,7.67,1,65,73,87,50,1,6,0,0
20,Male,70.3,96.6,123,6.69,2,49,96,43,91,1,7,0,0
25,Male,63.4,62.3,112,7.19,3,45,84,85,65,1,8,0,0
25,Female,75.3,74.3,90,7.16,3,65,45,82,46,1,4,2,0
24,Female,80.4,57.4,101,7.75,1,93,37,87,81,1,7,0,0
24,Male,86.6,88.1,119,8.99,3,53,97,46,48,2,2,0,0
23,Female,94.0,90.4,106,7.24,1,95,41,81,88,0,6,1,0
25,Male,69.6,77.2,109,6.18,3,47,73,86,67,0,1,0,0
21,Male,84.0,72.4,122,8.85,3,60,62,81,65,2,3,2,0
22,Male,64.0,60.3,95,7.18,1,79,85,74,98,1,8,2,0
20,Female,59.3,97.7,121,7.88,2,80,91,41,63,3,1,0,1
23,Male,56.4,92.8,103,7.66,3,77,95,95,99,1,5,1,0
22,Female,91.9,93.6,114,7.27,3,41,75,95,64,0,8,0,0
25,Female,71.3,61.2,94,7.61,3,97,52,80,43,0,6,0,0
23,Female,87.1,86.7,119,9.0,3,78,93,69,87,1,2,0,0
25,Male,86.0,96.6,101,7.36,1,82,36,82,34,2,3,0,0
23,Male,86.5,73.5,80,7.45,3,73,50,76,44,0,5,1,0
24,Female,75.3,77.7,120,7.42,2,86,43,90,85,0,1,0,0
21,Male,62.9,57.8,87,6.21,3,89,50,82,74,1,3,0,0
20,Male,78.2,91.9,115,8.03,1,65,81,74,43,0,3,0,1
25,Female,91.5,92.1,103,8.35,1,100,81,93,95,1,3,0,0
23,Female,80.7,68.2,99,7.67,3,98,69,85,41,0,3,1,0
22,Female,66.4,94.7,95,6.2,2,47,47,84,56,2,1,0,0
23,Female,57.9,70.6,115,7.78,2,90,76,46,50,0,7,0,0
20,Male,60.9,96.8,121,5.85,3,52,81,91,52,0,8,1,0
24,Male,71.9,55.7,125,8.67,3,55,55,77,49,1,5,0,1
24,Female,82.6,90.0,93,6.87,2,72,94,45,34,0,3,0,0
24,Female,58.5,94.2,107,7.22,3,59,38,87,89,1,6,0,0
21,Male,89.3,89.0,124,7.3,2,90,45,59,76,3,1,0,0
24,Female,84.3,62.8,131,6.68,2,63,41,91,81,0,2,0,0
21,Male,84.0,96.0,93,9.33,1,93,45,64,38,1,8,0,0
25,Female,85.3,92.7,127,7.46,3,81,90,76,93,0,5,0,1
20,Male,91.6,89.8,109,5.77,1,62,46,55,36,0,7,0,0
24,Male,63.8,74.0,97,9.9,3,67,73,43,41,1,4,1,0
21,Female,62.8,68.6,109,7.19,1,80,72,41,48,0,4,0,0
25,Male,90.4,94.7,105,7.7,2,71,63,61,71,0,7,0,0
23,Female,70.1,66.6,91,7.81,2,84,52,93,41,1,2,0,0
24,Male,72.7,82.9,107,6.22,3,46,56,92,78,1,6,0,0
22,Male,82.7,96.8,102,6.51,3,51,93,79,70,0,5,0,0
25,Female,69.5,84.0,95,8.5,3,93,71,41,65,1,2,0,0
25,Male,69.4,90.4,108,8.13,2,72,87,56,78,1,1,0,0
22,Male,92.9,76.7,80,7.73,3,68,99,45,68,0,4,0,0
23,Female,70.8,59.9,111,9.0,1,79,91,76,96,3,3,0,1
22,Male,78.7,59.3,109,6.15,3,63,92,72,58,1,3,2,0
24,Female,89.7,60.3,104,7.33,3,56,42,92,61,2,5,0,0
24,Female,81.6,64.9,81,6.62,2,92,90,72,45,1,8,0,0
21,Male,77.4,69.9,108,7.54,2,65,47,86,38,0,6,0,0
21,Female,56.9,95.3,106,7.18,2,55,69,46,49,0,1,0,0
20,Male,88.5,86.4,119,7.87,2,45,40,68,77,0,1,0,0
22,Male,55.7,93.0,86,6.23,3,83,94,99,96,1,3,0,0
21,Male,82.3,78.1,100,8.0,1,78,37,85,72,2,6,2,0
24,Male,91.4,86.6,110,7.38,2,84,81,40,48,0,3,3,0
23,Male,98.0,89.7,97,8.31,1,52,58,76,35,1,5,0,0
22,Female,84.7,73.8,103,6.31,3,79,69,74,74,2,5,1,0
23,Male,76.2,73.4,111,7.04,3,40,95,63,46,1,7,0,0
22,Male,73.6,72.7,110,7.42,3,62,91,49,53,0,8,1,0
24,Female,82.2,57.0,128,8.27,3,83,42,82,54,1,8,1,0
24,Female,93.4,68.7,115,7.97,2,83,42,60,96,1,6,0,0
22,Female,76.0,60.6,102,9.18,3,60,81,71,65,0,3,0,0
23,Male,67.6,85.6,100,6.2,2,100,52,95,90,0,5,0,0
22,Female,71.3,61.4,95,6.06,2,86,95,92,72,1,1,0,0
20,Male,78.4,91.0,128,7.86,1,43,80,53,69,0,4,0,0
23,Male,57.9,71.6,106,9.57,2,48,94,50,38,1,2,0,0
24,Female,86.9,82.1,124,6.58,3,67,93,100,53,1,3,1,0
21,Female,62.6,64.9,110,7.6,1,97,81,100,54,0,5,0,0
24,Female,60.2,82.9,105,6.53,3,66,92,86,52,1,1,0,0
24,Female,90.1,95.7,107,7.24,2,64,35,55,61,1,1,0,0
22,Male,58.2,90.9,126,6.75,3,45,67,43,83,0,1,0,0
22,Male,86.2,81.0,122,7.19,3,92,97,46,30,1,6,0,0
21,Female,67.2,58.7,117,9.85,3,94,47,82,73,0,7,0,0
21,Male,65.4,68.9,116,8.13,2,75,39,95,52,1,1,0,0
22,Male,59.9,69.9,107,6.19,1,100,94,57,65,0,8,2,0
21,Female,74.2,67.3,123,7.83,3,47,96,60,56,0,5,0,0
23,Male,58.3,92.9,106,7.51,1,81,41,75,68,1,4,0,0
20,Female,73.5,64.8,94,6.91,3,90,82,88,81,0,6,0,0
21,Female,57.8,96.5,120,8.04,3,71,60,83,58,3,8,0,0
20,Female,59.8,55.1,109,7.21,3,79,96,99,75,0,4,0,0
24,Female,92.5,59.6,106,5.98,2,40,42,76,82,0,8,0,0
20,Male,84.1,77.1,103,9.26,2,79,82,48,39,0,6,0,1
23,Female,67.4,75.7,104,7.37,2,60,38,79,33,1,7,0,0
22,Female,60.7,82.7,108,6.97,1,48,75,71,90,1,8,1,0
21,Female,64.5,86.2,118,7.69,3,64,35,40,34,2,8,0,0
23,Male,84.8,59.3,107,7.51,2,71,39,98,96,0,3,0,0
20,Female,59.0,96.9,107,6.53,3,98,48,99,37,0,1,0,0
21,Male,56.3,74.2,102,6.57,3,86,78,60,92,2,3,0,0
21,Female,80.5,91.5,104,6.72,1,87,54,73,50,1,8,2,0
23,Female,89.1,68.2,122,9.0,1,54,70,65,47,0,7,3,0
24,Male,69.3,93.5,98,6.83,3,42,64,93,61,3,2,0,0
22,Male,88.0,78.2,99,6.64,2,96,54,59,30,0,7,0,0
24,Female,88.7,62.0,118,8.18,3,69,70,53,76,0,5,0,0
21,Male,94.8,69.5,118,7.75,3,83,45,93,86,0,4,2,0
25,Male,68.8,85.1,109,5.77,3,100,61,99,88,0,7,2,0
25,Male,86.1,93.6,103,7.15,3,51,91,79,51,0,7,0,0
21,Female,87.4,88.9,90,7.61,1,62,51,86,39,1,6,0,0
22,Male,91.7,73.9,116,7.29,2,80,75,48,31,1,8,0,0
22,Female,61.4,78.9,105,7.52,2,51,44,45,62,0,1,0,0
20,Male,75.1,87.2,100,7.2,1,57,38,59,34,1,6,1,0
23,Female,69.1,60.5,100,7.07,2,54,88,61,79,0,5,1,0
20,Male,75.5,56.7,112,7.45,3,63,84,50,66,0,1,2,0
22,Female,88.1,84.4,110,9.66,3,42,35,49,73,0,4,1,0
25,Male,78.6,91.4,81,7.23,3,75,78,63,89,2,1,0,0
24,Male,73.5,73.6,122,6.94,2,77,51,47,40,1,1,0,0
24,Male,75.9,56.1,95,7.08,3,42,65,74,39,0,5,1,0
24,Female,69.5,65.5,104,5.88,2,97,95,78,72,2,5,0,1
25,Female,80.8,93.0,111,6.85,3,55,96,70,83,0,4,0,0
22,Male,62.9,64.5,126,7.12,2,73,93,66,74,0,1,3,0
24,Female,62.1,64.4,111,7.05,3,72,35,92,30,1,1,1,0
20,Female,74.0,75.5,108,8.36,2,54,62,96,45,0,8,3,0
23,Male,71.8,93.5,119,7.51,1,72,93,45,61,0,3,0,0
22,Male,73.2,90.5,108,7.59,2,74,100,62,44,1,5,0,1
21,Female,90.0,67.9,118,7.18,1,42,96,74,61,3,6,0,0
25,Male,80.0,97.2,118,8.33,3,43,80,71,45,3,6,0,1
21,Female,63.6,77.6,98,6.83,3,65,55,96,94,0,3,0,0
21,Female,69.9,84.5,81,6.98,3,54,78,48,42,2,7,0,0
24,Male,58.0,66.4,91,8.39,3,97,91,51,78,0,8,0,0
25,Male,59.6,87.0,103,7.1,3,91,86,80,81,2,7,0,0
23,Female,87.8,90.0,117,6.94,2,59,47,59,65,3,2,1,0
23,Female,71.3,71.9,103,8.34,3,42,92,45,37,1,8,0,0
25,Female,75.8,66.5,87,8.39,2,91,36,46,47,2,2,0,0
21,Female,68.2,88.5,117,8.34,3,98,41,78,93,0,5,0,1
22,Female,57.0,64.9,130,6.3,3,56,83,75,72,1,5,0,0
25,Female,80.9,63.5,125,8.42,1,55,68,69,35,3,7,3,0
24,Female,59.7,81.2,131,8.97,2,61,41,53,51,0,6,0,0
24,Female,88.4,60.0,111,6.55,2,46,59,70,82,2,7,0,0
25,Female,97.6,81.7,121,5.56,2,57,37,90,55,0,6,0,0
25,Male,87.5,74.7,129,7.49,2,94,51,70,40,1,6,0,0
21,Female,69.7,69.5,115,7.69,2,84,36,91,46,0,7,0,0
23,Male,59.6,80.4,120,8.63,3,60,94,56,59,2,5,0,0
24,Female,88.9,91.8,124,8.83,2,81,37,88,59,1,7,0,1
24,Female,57.3,66.1,108,8.0,3,66,55,76,38,2,4,0,0
25,Female,89.6,94.8,108,7.5,3,77,95,47,60,2,1,0,0
22,Male,66.5,96.0,86,8.43,1,95,73,61,96,0,3,0,1
22,Male,81.3,74.8,91,6.83,2,78,41,67,31,2,8,0,0
23,Female,97.1,63.4,105,6.81,1,71,67,84,43,2,2,0,0
22,Male,85.5,82.6,114,7.78,3,98,98,45,81,1,7,0,1
23,Female,87.1,68.8,116,6.43,3,52,68,42,46,2,4,1,0
23,Female,75.1,90.5,93,8.94,3,73,37,93,77,1,7,0,0
24,Male,82.2,72.5,103,6.8,2,66,58,74,44,0,5,0,0
24,Female,92.4,83.8,98,7.52,3,79,42,63,83,0,2,1,0
20,Female,69.9,67.1,117,6.31,2,58,89,46,86,1,5,1,0
21,Female,67.6,92.0,112,7.44,2,97,66,79,76,1,5,0,0
22,Female,76.5,60.2,109,7.5,3,97,75,93,49,2,8,0,0
22,Female,69.8,70.2,101,7.24,3,44,82,78,93,2,1,0,0
23,Female,56.8,59.7,113,7.4,2,77,64,55,52,0,1,0,0
23,Female,97.0,64.0,128,5.34,3,41,46,41,76,1,5,1,0
22,Female,70.1,88.4,106,8.56,2,61,57,98,90,2,8,0,1
22,Male,74.3,77.8,110,7.83,1,96,60,49,50,0,4,0,0
20,Female,90.5,64.2,119,8.46,1,90,94,71,43,0,2,0,0
21,Male,70.3,91.4,114,9.79,3,71,98,42,54,0,2,0,1
25,Male,65.5,93.1,121,8.51,2,50,78,80,71,2,7,2,0
20,Female,95.9,86.2,107,7.82,2,87,63,92,53,1,4,3,0
24,Male,55.1,67.4,117,7.96,2,68,55,70,44,1,3,0,0
20,Male,70.7,66.0,101,5.77,1,98,39,71,98,1,6,0,0
21,Male,69.8,81.8,124,7.7,3,76,99,50,36,0,2,0,0
20,Female,77.5,56.3,102,7.64,3,64,100,97,94,0,3,0,0
21,Female,74.7,80.0,113,8.51,2,46,56,99,98,0,3,2,0
21,Female,64.6,86.3,107,6.7,3,65,56,40,82,0,4,0,0
22,Female,81.7,63.3,101,8.28,3,56,86,68,80,3,3,0,1
25,Male,89.8,64.8,111,7.7,2,65,73,80,55,0,8,0,0
24,Female,83.9,91.3,121,7.51,3,81,75,60,74,0,4,0,0
24,Female,92.5,74.3,112,8.66,3,88,84,51,87,0,1,1,0
23,Male,64.3,77.3,120,7.06,2,64,87,68,100,0,6,1,0
20,Male,74.1,70.3,109,5.62,1,60,97,94,86,3,1,0,0
22,Female,92.7,59.0,103,6.67,2,85,55,51,70,0,1,3,0
20,Female,94.6,78.5,112,7.78,3,69,80,45,30,1,5,2,0
20,Female,85.0,85.8,124,6.86,3,70,82,66,92,0,6,0,0
24,Male,57.4,88.2,104,5.91,2,40,63,97,79,0,4,0,0
21,Female,88.7,63.0,107,6.93,1,74,93,62,31,2,5,0,0
21,Male,76.9,78.0,95,7.58,2,44,96,67,60,2,4,0,0
24,Female,69.0,77.2,110,8.16,3,97,65,98,57,0,7,0,0
22,Female,79.4,60.4,128,5.84,1,81,52,59,99,2,3,0,0
21,Male,76.5,92.1,93,7.49,3,62,40,68,65,2,5,1,0
25,Male,60.8,85.5,115,7.97,3,44,96,93,58,0,7,0,0
25,Female,56.6,81.1,111,7.38,1,72,51,80,83,2,5,0,0
22,Male,69.8,89.4,129,6.16,3,45,55,69,33,2,4,0,0
25,Male,84.4,68.1,113,6.99,1,62,60,45,50,1,7,1,0
23,Female,70.0,69.1,108,7.56,1,66,48,47,35,1,7,3,0
24,Female,65.9,56.8,111,8.76,1,72,82,63,54,0,4,0,0
23,Male,70.9,74.3,122,7.69,2,93,39,69,88,1,6,2,0
21,Male,90.2,72.5,89,8.48,1,63,53,74,52,1,8,1,0
21,Female,76.0,92.7,114,7.22,3,69,52,98,35,2,7,0,1
22,Female,76.7,61.2,115,7.48,2,64,97,62,66,3,2,0,0
21,Male,61.9,95.5,135,8.48,1,73,72,98,69,0,5,0,1
22,Male,92.9,62.0,102,7.16,2,41,97,96,73,0,2,0,0
24,Male,55.6,62.3,99,6.88,3,51,77,68,53,1,8,0,0
22,Male,91.8,69.8,106,7.84,3,94,35,48,63,3,6,1,0
25,Female,88.5,55.1,98,9.32,3,69,80,58,83,0,5,0,0
20,Female,71.4,62.5,115,7.25,3,76,63,75,50,2,1,0,0
23,Female,89.2,81.5,88,7.89,2,55,74,77,45,2,8,0,0
25,Female,83.9,94.8,115,8.31,3,70,56,59,73,0,1,0,0
23,Male,94.3,95.5,115,6.96,3,89,94,42,86,2,2,0,0
24,Female,60.6,59.4,117,7.31,2,100,58,67,50,0,2,0,0
24,Male,60.9,59.5,122,6.86,2,92,83,42,59,3,3,0,1
22,Male,71.0,84.7,101,6.77,1,49,44,63,86,0,6,2,0
22,Female,82.3,76.2,110,7.66,3,51,99,59,52,1,5,0,0
21,Male,60.5,65.3,120,6.98,3,72,36,69,78,1,2,0,0
23,Male,82.2,93.8,93,7.36,2,79,36,73,75,2,5,0,0
25,Male,61.9,63.7,120,6.92,3,76,72,95,88,1,8,1,0
20,Male,64.5,93.1,106,5.66,2,56,43,66,53,0,1,0,0
23,Female,66.4,84.9,112,8.12,3,78,68,42,80,0,1,0,0
24,Female,68.7,65.6,87,6.54,3,80,65,43,73,0,3,2,0
24,Female,69.9,62.6,120,8.39,2,55,80,90,55,0,8,1,0
25,Female,63.8,70.4,115,6.15,3,78,57,57,92,0,8,0,0
21,Female,65.0,61.2,129,6.38,2,71,92,93,42,0,4,0,0
25,Male,61.0,76.0,116,7.61,3,92,90,59,44,1,6,0,0
20,Female,91.3,83.5,130,8.53,2,87,76,75,83,3,3,0,1
22,Male,74.0,78.7,118,6.3,2,91,58,62,53,1,1,1,0
23,Male,97.2,80.3,98,7.44,3,61,58,69,30,2,1,0,0
23,Male,77.5,59.6,86,7.15,3,97,69,88,64,2,7,0,0
24,Male,89.7,85.1,123,8.15,1,67,69,99,80,1,3,0,1
22,Male,56.1,79.9,112,7.04,3,46,73,43,47,0,8,1,0
21,Female,65.7,65.1,88,7.77,3,89,75,61,31,0,8,0,0
21,Male,65.9,84.6,108,6.9,1,95,81,75,54,2,4,1,0
25,Female,76.2,87.1,115,6.09,2,62,67,100,59,0,8,0,0
20,Male,74.7,96.8,118,8.53,3,49,41,51,46,1,7,0,0
22,Female,68.0,59.8,98,8.27,1,62,39,80,65,3,6,0,0
20,Female,85.0,70.3,134,8.6,1,50,91,84,42,1,8,2,0
22,Male,95.3,75.9,113,6.96,2,63,84,53,60,0,4,1,0
24,Male,81.5,77.8,121,6.86,3,43,73,91,30,2,6,0,0
21,Male,57.6,92.0,121,8.59,3,97,56,85,37,1,7,0,0
20,Female,81.3,61.2,113,6.17,3,40,53,62,98,2,5,0,0
22,Female,71.0,57.6,116,6.48,2,64,37,61,95,3,5,2,0
24,Male,71.4,84.3,112,6.65,3,53,90,79,92,0,1,2,0
20,Female,74.8,74.5,89,6.2,1,50,75,49,69,1,1,1,0
20,Male,56.7,57.6,104,8.59,2,54,94,70,41,0,6,0,0
24,Female,55.9,95.0,82,8.31,3,81,94,77,61,2,5,2,0
23,Male,61.7,92.9,104,6.52,3,65,93,64,81,2,4,0,0
22,Male,84.9,81.7,108,9.89,3,67,71,99,93,2,2,0,0
23,Female,95.9,87.4,114,7.29,2,40,89,65,81,1,6,0,0
24,Male,84.9,81.2,121,7.49,3,51,75,59,55,0,8,1,0
21,Female,61.3,73.7,112,7.44,3,43,56,90,49,2,1,1,0
25,Male,76.1,71.6,111,6.94,3,79,70,57,92,1,1,0,0
25,Male,64.8,60.2,101,7.83,3,45,53,98,31,0,3,0,0
21,Male,56.4,73.5,115,8.37,3,83,96,58,84,1,7,0,0
22,Female,56.3,58.0,118,9.21,3,73,71,40,47,1,3,0,1
23,Male,97.6,70.1,100,8.04,2,70,45,91,98,0,8,0,0
21,Male,84.0,66.3,110,7.7,1,98,86,53,50,2,5,0,1
25,Male,64.8,85.2,80,7.96,3,67,80,56,56,0,5,0,0
24,Female,95.6,78.3,99,8.59,1,89,95,71,47,0,2,0,0
22,Male,64.9,60.3,118,6.64,3,77,95,63,77,2,8,0,0
20,Female,73.1,62.2,103,8.05,1,63,92,72,46,0,6,0,0
20,Female,83.6,84.9,105,7.5,2,45,95,56,39,0,2,0,0
22,Male,94.7,78.3,115,6.86,3,50,37,94,39,0,7,0,0
21,Male,71.9,88.2,117,8.18,2,60,66,88,71,0,2,2,0
22,Male,79.0,94.5,127,6.92,3,62,42,54,48,2,8,0,0
22,Male,80.1,71.5,107,6.74,3,84,56,83,36,1,5,0,0
21,Male,66.1,85.1,100,8.19,2,64,81,54,39,1,4,0,0
24,Male,56.6,82.7,107,6.53,2,66,38,57,31,0,7,1,0
20,Female,71.3,94.9,107,8.12,3,61,42,45,65,0,5,3,0
25,Female,85.3,61.2,90,6.94,1,73,99,62,96,3,6,0,1
20,Female,73.9,97.5,96,7.58,3,77,70,64,78,1,2,0,0
22,Male,70.1,60.3,96,7.27,3,100,46,91,34,3,7,0,0
21,Female,67.9,86.1,87,8.33,3,63,80,94,30,0,1,1,0
25,Female,71.2,83.3,101,7.52,3,82,92,47,83,1,6,1,0
22,Female,72.9,64.5,122,7.3,3,71,43,46,83,3,2,1,0
21,Female,56.3,61.4,99,6.38,3,66,92,47,40,0,2,1,0
22,Female,59.7,66.1,117,5.46,1,59,49,66,90,0,5,0,0
25,Male,67.7,78.7,99,7.22,1,96,62,67,53,1,1,1,0
21,Female,61.2,69.1,110,7.17,2,43,63,45,49,0,7,0,0
24,Male,70.0,76.6,111,7.37,2,81,74,57,74,2,3,1,0
21,Female,87.7,59.8,116,7.31,3,45,60,53,82,3,3,3,0
20,Male,69.9,64.0,114,6.75,1,54,77,40,35,1,7,0,0
25,Male,77.6,97.1,111,8.81,3,81,57,61,70,0,8,3,0
20,Female,86.6,64.4,102,6.8,3,60,93,52,95,0,2,0,0
22,Male,84.0,66.2,114,8.86,3,80,89,49,47,1,1,0,0
23,Male,77.0,87.2,124,6.8,2,59,37,91,38,3,8,0,0
25,Female,76.2,96.6,99,6.23,2,64,87,63,38,1,8,2,0
22,Female,57.6,56.1,100,9.18,2,76,74,72,76,1,4,0,0
24,Male,84.5,77.6,116,6.35,3,100,36,87,85,0,3,0,0
21,Female,92.3,94.7,115,7.79,1,80,60,78,48,2,5,0,0
20,Male,70.9,61.8,109,7.69,3,73,94,47,36,0,6,0,0
20,Female,84.1,93.3,124,7.43,3,96,45,94,85,1,1,0,0
21,Male,72.5,57.9,112,8.04,2,95,59,79,65,1,3,2,0
21,Male,96.8,83.6,120,8.18,3,76,96,84,57,1,2,0,1
20,Female,79.3,76.3,96,8.15,1,74,63,47,36,2,7,1,0
23,Female,90.1,81.3,91,8.18,1,51,72,65,78,0,4,0,1
20,Female,57.3,83.8,93,8.58,1,47,79,89,88,1,6,0,0
21,Female,68.6,90.3,88,7.24,1,99,87,56,95,0,6,1,0
24,Male,81.2,65.2,99,8.16,3,86,81,45,66,2,7,0,0
22,Female,94.3,87.3,87,7.33,2,61,96,79,75,1,8,1,0
24,Male,83.9,72.6,98,7.46,3,40,86,81,60,1,5,0,0
21,Female,84.7,75.7,118,8.39,3,84,58,46,51,0,4,1,0
25,Male,60.4,66.9,117,6.43,2,88,100,62,68,2,4,2,0
25,Male,56.2,66.1,121,7.95,3,81,97,64,79,0,5,0,0
23,Female,58.4,96.2,109,6.32,2,69,35,90,42,3,8,0,0
22,Male,64.6,73.0,86,9.02,1,63,67,74,91,2,4,0,1
25,Female,71.2,91.4,111,6.64,3,90,77,53,61,1,3,0,0
22,Male,63.8,61.0,104,7.45,3,79,97,96,70,1,8,1,0
23,Female,72.0,60.7,123,7.43,2,60,74,90,31,0,6,0,0
25,Male,88.1,57.4,99,6.83,3,88,72,95,76,0,6,0,0
25,Female,90.4,72.8,95,7.35,3,63,60,67,35,0,2,0,0
22,Male,72.9,88.0,112,8.07,3,49,43,83,69,2,2,0,0
22,Male,62.4,79.4,107,7.12,2,41,73,50,50,1,8,1,0
22,Male,87.1,81.0,102,6.66,2,42,99,56,69,1,1,1,0
24,Female,78.9,76.9,96,7.73,1,58,41,69,92,2,1,0,0
21,Female,69.9,79.3,104,8.23,3,92,82,92,44,3,3,0,0
20,Male,92.5,82.3,103,8.92,2,98,96,98,49,0,5,0,1
25,Male,96.5,90.6,117,6.23,3,77,67,44,64,0,2,0,0
25,Female,76.1,79.1,114,6.83,2,83,90,77,84,1,3,1,0
21,Male,85.5,74.2,106,9.51,2,69,94,100,77,2,5,0,1
22,Female,63.5,78.5,101,7.44,1,93,79,98,75,1,3,0,0
22,Female,93.6,85.0,109,7.97,3,92,46,86,78,2,2,0,0
22,Female,89.2,81.5,116,7.8,3,63,100,77,87,2,6,0,1
23,Male,94.3,71.0,114,5.57,2,100,51,40,33,0,2,0,0
20,Female,81.3,84.4,115,8.28,2,97,75,88,47,2,4,1,0
20,Male,94.0,66.8,110,6.64,1,70,54,49,70,1,6,0,1
24,Male,71.0,76.2,101,7.72,1,95,60,70,32,1,5,0,0
20,Female,81.9,72.7,114,7.83,2,68,37,65,71,1,4,0,0
20,Male,58.7,72.1,107,7.46,3,60,91,45,83,3,3,0,0
22,Male,84.3,63.1,121,6.72,2,67,68,96,34,1,6,0,0
25,Female,96.9,67.2,107,8.81,3,69,98,54,42,2,3,0,0
21,Female,59.2,57.8,106,6.47,2,99,39,64,79,1,4,1,0
23,Female,86.2,89.4,109,7.72,3,47,58,71,78,1,3,0,0
21,Female,63.6,61.6,110,6.12,3,75,52,98,90,3,6,1,0
22,Female,72.9,93.0,108,6.96,1,73,55,60,46,1,8,2,0
21,Female,96.7,68.3,94,5.66,3,86,85,73,31,1,5,0,0
21,Male,87.2,86.4,107,7.53,1,56,84,40,55,1,3,0,0
23,Male,72.6,58.5,114,6.97,3,75,82,77,50,0,5,3,0
20,Male,62.7,93.3,109,6.76,3,61,82,60,47,1,5,1,0
25,Female,74.9,86.9,106,8.12,2,83,51,91,94,0,8,2,0
22,Male,70.3,86.3,93,7.73,1,86,80,75,94,0,6,0,0
22,Male,65.8,71.1,111,8.59,1,50,46,42,88,0,3,0,0
24,Male,71.9,72.7,103,8.25,2,77,58,46,51,1,6,0,0
20,Female,61.5,87.0,109,7.06,1,79,100,97,97,0,2,0,0
22,Male,94.6,76.8,97,5.71,3,66,75,59,85,1,5,0,0
24,Male,65.3,97.5,99,6.29,2,97,77,80,63,1,4,0,0
20,Female,77.3,85.3,112,7.46,3,93,75,88,30,0,8,0,0
20,Male,78.9,65.0,97,9.03,1,89,37,93,70,0,2,0,0
23,Female,88.9,85.1,93,7.47,2,43,47,100,87,0,2,0,0
20,Male,72.8,75.9,105,7.46,2,45,93,74,86,1,4,0,0
20,Male,97.6,72.8,87,7.04,3,60,67,62,87,1,2,2,0
21,Male,76.1,59.7,91,7.6,2,71,37,50,82,3,1,0,0
23,Male,94.2,78.6,99,8.21,1,88,39,70,82,0,4,0,0
25,Female,76.6,82.9,114,8.1,2,44,48,87,74,1,6,2,0
22,Female,80.0,81.6,107,6.02,2,99,46,92,48,2,8,1,0
22,Male,91.1,62.5,105,7.22,2,99,100,54,66,0,6,0,0
23,Male,88.1,86.2,96,8.83,3,77,100,46,77,3,4,1,0
23,Male,62.0,68.5,110,7.24,3,67,41,99,91,3,5,0,0
22,Female,63.8,94.7,107,6.73,2,40,56,78,36,0,7,0,0
22,Female,63.2,64.7,96,7.54,3,47,39,68,31,1,6,0,0
25,Male,56.0,87.7,110,6.82,2,95,38,42,89,1,4,0,0
22,Male,61.1,72.7,106,6.86,2,46,89,66,58,2,8,1,0
21,Female,66.1,78.7,108,6.99,3,84,35,45,57,0,5,0,0
23,Female,61.2,74.5,120,7.9,2,42,71,94,96,1,5,3,0
24,Male,97.8,74.2,104,7.4,2,99,75,98,80,2,3,0,0
21,Male,82.0,86.7,114,8.51,3,54,55,78,44,1,2,0,0
23,Male,63.0,74.9,99,8.59,3,93,36,59,52,0,5,3,0
21,Male,64.2,73.1,102,8.22,2,47,62,43,72,2,3,1,0
21,Female,72.8,79.8,119,8.54,3,71,43,64,61,2,5,0,0
22,Male,60.0,94.9,80,6.94,3,54,84,100,88,0,4,1,0
21,Female,74.5,94.4,103,7.2,3,95,48,49,42,1,6,0,0
23,Female,67.0,76.2,98,7.62,2,50,79,82,86,0,8,2,0
20,Male,64.4,83.8,122,8.57,3,65,73,79,31,2,7,0,0
21,Male,92.3,93.1,108,7.12,1,43,37,53,77,0,6,0,0
23,Female,56.0,83.7,105,8.01,3,85,93,64,95,1,3,1,0
20,Male,84.9,77.4,103,8.0,1,79,90,81,70,0,4,0,0
25,Female,66.3,83.1,91,6.15,3,93,79,59,83,1,8,2,0
23,Female,76.2,60.4,99,7.7,1,64,97,69,53,0,1,0,0
23,Female,59.3,57.5,134,6.73,2,56,54,85,44,0,7,0,0
20,Male,63.8,85.4,102,7.45,3,100,65,74,65,0,6,0,0
23,Male,56.5,93.4,111,7.53,2,90,75,71,66,0,7,0,0
21,Male,73.6,63.9,103,7.48,1,86,92,54,78,1,5,1,0
25,Female,86.4,85.7,124,7.5,2,96,86,41,32,1,8,0,0
21,Female,77.4,97.2,126,7.86,2,54,67,86,73,0,6,0,0
25,Male,83.5,83.0,116,7.43,2,54,68,83,62,1,7,0,0
23,Female,59.8,65.6,99,6.49,1,89,35,40,60,1,8,0,0
24,Female,96.5,68.5,108,7.68,3,60,55,91,47,1,3,0,0
24,Female,73.6,78.1,115,6.88,1,60,75,88,43,0,2,0,0
20,Female,81.0,89.8,102,7.67,2,80,37,72,93,2,5,1,0
22,Male,81.6,80.9,128,6.44,3,98,47,96,64,0,8,0,0
21,Female,67.1,94.4,104,7.77,1,82,59,53,93,0,1,0,0
20,Female,61.6,97.0,112,6.15,2,97,42,62,57,2,1,0,0
23,Male,64.2,65.7,87,8.75,2,44,48,53,41,0,7,0,0
25,Male,75.4,59.9,98,7.2,2,80,54,53,92,2,2,0,0
20,Female,56.3,90.6,114,6.76,3,65,90,100,97,1,4,0,0
20,Female,77.7,90.1,113,7.89,3,46,55,98,72,1,8,2,0
22,Female,81.7,62.4,104,8.48,1,62,94,47,87,0,6,0,0
21,Male,59.7,73.1,101,7.35,2,50,68,70,72,1,1,0,0
22,Female,92.2,61.1,111,8.34,3,71,80,40,86,2,3,0,0
22,Male,90.2,84.8,141,7.65,2,63,46,73,57,0,2,0,1
22,Male,80.1,80.1,112,5.69,1,45,80,74,33,1,7,0,0
24,Female,96.4,62.5,103,7.29,3,92,80,59,61,0,5,1,0
23,Male,61.5,85.3,103,6.73,3,65,73,83,85,0,3,2,0
20,Male,74.4,65.1,105,6.92,2,99,60,59,91,0,2,2,0
25,Female,86.6,97.1,106,7.12,2,86,60,66,32,2,7,0,0
23,Female,80.1,97.4,101,8.75,2,68,56,80,79,0,7,0,0
23,Female,88.0,96.0,109,7.29,1,76,74,59,45,0,4,2,0
20,Female,61.0,69.2,87,6.66,2,74,56,55,48,1,6,2,0
24,Female,75.6,97.8,103,7.34,2,84,38,45,31,1,4,0,0
22,Female,70.7,81.3,107,7.46,1,78,77,96,54,1,6,1,0
21,Male,86.2,64.1,97,5.76,3,86,60,49,93,0,3,1,0
22,Female,80.5,62.4,100,6.8,3,60,45,43,96,1,5,1,0
22,Male,57.2,74.6,100,5.35,2,47,66,76,49,1,8,1,0
25,Female,95.3,64.6,90,5.92,1,87,80,52,78,0,5,0,0
23,Female,83.6,87.9,96,6.39,3,78,74,40,100,1,1,1,0
22,Female,63.2,55.9,105,5.9,1,75,59,86,41,0,4,3,0
21,Male,73.5,66.7,106,7.56,2,75,61,99,36,0,8,0,0
21,Male,85.6,91.1,94,8.25,3,58,100,64,43,1,4,0,0
24,Male,59.2,89.7,87,7.06,3,69,59,55,60,1,1,0,0
25,Male,85.9,65.0,129,6.16,1,78,64,89,70,1,2,0,0
21,Male,60.5,55.9,123,8.0,3,99,66,93,74,0,6,0,0
21,Female,73.0,82.7,109,8.32,3,50,90,74,67,0,6,0,0
24,Female,62.5,62.0,104,6.78,1,95,42,83,99,0,2,0,0
22,Male,88.4,65.9,98,6.34,2,78,78,84,63,2,3,0,0
24,Female,95.8,96.7,118,7.08,2,48,91,62,50,0,7,0,0
21,Female,60.8,58.0,116,7.86,2,77,40,76,58,0,7,0,0
25,Female,57.9,63.5,100,6.56,3,60,76,56,36,1,1,0,0
22,Male,83.9,85.9,113,8.75,1,83,89,95,71,2,2,1,1
25,Male,60.7,75.3,101,6.07,3,87,100,73,83,1,7,0,0
25,Male,59.0,56.6,99,5.81,3,99,50,62,36,1,3,0,0
22,Female,91.1,62.6,102,6.59,2,91,59,47,96,2,8,3,0
21,Male,82.0,79.4,91,8.32,3,78,38,100,46,1,5,0,0
25,Female,87.4,95.5,122,7.18,1,48,53,68,49,2,5,2,0
25,Male,87.2,55.4,100,7.81,2,79,44,48,74,0,5,2,0
21,Female,89.5,96.9,103,7.09,2,43,61,96,48,1,3,0,0
20,Male,61.7,69.0,110,7.64,1,67,64,70,38,0,2,1,0
24,Male,72.0,63.4,110,8.15,2,80,88,48,34,0,8,1,0
25,Female,93.5,96.7,112,6.57,2,45,35,58,97,0,6,1,0
25,Male,59.8,70.7,92,7.79,3,83,83,87,31,0,5,0,0
21,Male,92.0,67.3,127,7.48,3,75,48,82,67,0,2,2,0
23,Female,76.0,55.3,94,5.83,3,67,59,100,95,3,5,0,0
22,Male,75.8,61.5,89,7.46,1,66,81,58,49,0,3,0,0
22,Female,76.2,78.4,99,7.05,2,93,73,47,80,1,4,0,0
25,Male,75.6,85.3,113,7.63,3,93,73,72,64,2,6,1,0
23,Male,60.0,83.8,111,8.92,3,67,46,73,59,3,8,1,0
22,Male,57.0,64.2,111,7.45,1,74,100,95,40,0,1,0,0
25,Female,67.1,83.6,80,8.32,3,82,76,81,39,1,3,1,0
24,Female,56.2,58.0,112,7.11,2,65,87,70,72,1,2,0,0
23,Female,72.6,65.4,102,6.6,3,47,48,69,62,1,4,0,0
22,Male,63.3,89.5,125,7.99,1,49,41,85,59,0,4,1,0
24,Female,74.3,77.4,99,7.46,3,44,57,88,32,0,4,0,0
20,Female,76.2,77.3,98,7.82,3,81,89,89,65,2,5,2,0
23,Male,60.3,87.2,114,8.29,3,73,57,94,94,0,6,1,0
22,Female,84.5,93.8,95,6.38,1,45,84,94,80,0,2,2,0
24,Male,83.0,77.7,124,6.12,1,75,96,79,31,2,7,0,0
23,Male,92.9,63.2,106,6.58,2,59,100,51,42,0,4,0,0
22,Male,89.3,79.4,110,8.41,2,88,61,62,32,1,2,0,0
21,Male,84.1,76.6,120,7.36,3,40,52,81,41,2,1,0,0
25,Male,56.6,83.1,95,7.16,1,61,65,55,81,0,4,1,0
22,Female,75.9,92.3,93,7.32,3,42,62,59,97,1,2,2,0
22,Female,93.7,90.3,118,7.31,1,57,81,68,59,1,1,1,0
25,Male,76.9,93.6,82,6.73,1,81,84,59,49,1,7,0,0
20,Female,91.2,86.8,111,6.6,2,64,58,99,44,1,6,0,0
23,Male,69.5,62.5,111,7.17,1,87,41,68,77,0,1,0,0
23,Female,76.1,76.0,109,6.66,3,88,76,80,61,0,1,3,0
22,Male,71.4,71.4,104,7.85,3,41,96,71,76,1,8,0,1
25,Female,90.4,59.9,111,8.13,1,98,46,61,86,1,3,0,1
21,Female,83.1,95.5,121,8.23,2,76,81,87,38,0,5,0,1
22,Female,94.5,64.4,109,8.34,2,88,39,76,59,2,6,2,0
22,Female,83.3,88.4,101,9.16,2,67,35,46,34,0,8,0,0
24,Female,75.5,77.6,109,7.71,2,42,53,60,93,1,5,2,0
24,Female,82.4,79.4,108,8.46,3,75,56,73,59,0,1,0,0
23,Male,92.0,66.1,120,6.84,3,68,77,100,56,1,5,0,0
24,Female,73.2,60.4,131,7.2,1,43,79,55,78,2,1,0,1
25,Female,57.6,71.5,113,8.66,2,68,88,41,38,1,6,0,0
23,Male,81.5,91.6,119,6.32,2,79,71,81,100,1,8,0,1
22,Female,80.7,91.0,118,8.67,1,100,49,70,75,0,4,0,0
21,Male,87.0,90.2,113,7.68,3,98,69,71,57,2,5,0,1
23,Male,61.0,80.3,111,7.22,2,90,53,40,63,2,3,1,0
25,Female,72.5,81.5,102,8.45,3,71,89,86,95,2,6,0,0
23,Male,90.7,80.3,106,6.52,2,76,68,59,70,2,2,0,0
21,Male,62.1,82.0,101,7.36,1,95,57,64,67,0,4,0,0
24,Male,74.4,78.1,115,9.5,3,51,43,74,85,0,2,0,0
22,Male,73.1,83.7,99,6.33,3,62,41,91,74,2,6,0,0
22,Male,71.9,80.3,116,7.74,3,76,81,75,44,3,6,0,0
24,Male,96.2,61.0,120,8.22,3,84,38,83,72,0,2,2,0
23,Male,71.3,74.9,130,7.72,3,40,62,67,90,2,8,0,1
22,Female,87.7,85.8,114,7.46,3,89,51,83,44,2,3,0,0
24,Female,78.6,91.3,94,7.93,2,86,73,99,80,2,3,0,0
22,Female,80.7,68.7,95,7.59,3,41,80,73,90,0,1,0,0
21,Male,76.1,92.4,132,7.76,3,44,94,43,32,1,5,2,0
25,Female,81.7,93.2,103,8.13,1,49,81,62,38,0,3,0,0
22,Female,94.4,62.0,100,8.48,3,48,97,68,36,1,1,0,0
25,Female,80.2,58.5,92,8.23,2,85,81,85,38,3,1,0,0
22,Female,95.4,72.5,118,7.8,3,76,67,67,92,0,3,0,0
25,Female,97.6,57.5,105,8.13,2,76,91,92,47,0,5,0,1
24,Female,64.8,79.3,109,6.7,3,91,56,43,97,2,8,0,0
21,Male,87.5,85.5,118,6.71,1,62,100,88,59,2,4,0,0
22,Female,95.1,87.7,96,8.08,3,61,65,96,77,0,5,0,0
23,Male,73.2,63.6,87,6.75,2,100,93,54,65,1,8,0,0
21,Male,70.2,84.2,98,8.36,2,60,98,63,80,1,5,0,0
24,Male,85.4,90.2,104,7.25,3,81,52,74,98,1,6,0,0
25,Female,94.2,65.0,101,7.06,2,87,87,88,78,0,5,0,0
24,Female,66.3,94.5,104,6.21,2,99,55,67,98,0,1,0,0
24,Male,91.1,97.2,92,8.64,3,58,36,74,90,1,4,2,0
22,Female,61.3,90.9,116,6.42,3,80,94,69,54,2,6,0,0
22,Male,87.8,59.7,108,7.04,2,69,56,99,87,1,2,0,0
20,Male,80.2,60.6,127,6.94,1,42,46,64,52,0,6,0,0
21,Female,70.7,76.1,97,7.96,3,53,81,56,31,3,7,0,0
20,Female,88.5,86.5,109,7.92,1,79,77,88,57,2,3,1,0
21,Female,84.3,81.6,99,7.79,3,54,75,58,31,3,3,0,0
23,Male,87.1,87.2,120,7.29,3,65,38,88,91,1,8,2,0
25,Female,65.8,93.7,129,6.59,2,64,84,79,50,0,6,0,0
24,Male,95.8,68.7,103,8.3,3,50,50,62,82,1,6,0,1
23,Male,95.9,73.9,110,6.82,2,47,52,67,40,1,7,1,0
21,Male,63.5,59.0,100,6.18,2,92,70,92,31,0,1,0,0
22,Male,91.6,88.1,133,6.24,3,55,42,65,54,0,2,0,0
25,Female,90.7,77.2,96,8.46,3,45,94,40,63,0,8,0,0
20,Male,64.5,88.3,110,7.31,3,45,39,79,58,0,1,0,0
22,Male,68.3,82.0,111,6.62,2,91,41,84,72,0,1,3,0
21,Male,59.8,94.5,123,8.03,3,88,38,97,48,0,2,0,0
24,Female,88.5,90.4,124,7.75,3,54,36,61,69,0,8,0,0
23,Male,70.9,65.7,124,7.15,2,58,84,57,84,2,3,1,0
20,Female,80.1,96.8,107,6.92,3,58,62,48,97,1,8,0,0
23,Female,83.7,59.7,116,6.79,3,69,60,81,41,0,1,0,0
24,Male,60.4,67.3,116,5.79,2,65,53,59,34,1,8,1,0
23,Female,74.3,84.4,131,6.83,1,95,46,52,65,2,1,0,0
24,Male,79.3,72.1,123,7.47,2,43,92,60,69,2,7,0,0
24,Male,56.7,58.6,115,6.45,2,85,37,62,81,0,6,0,0
25,Female,77.3,72.9,106,8.8,2,42,96,71,72,1,6,1,0
23,Female,61.5,67.2,105,6.49,1,86,68,74,78,2,3,0,0
21,Male,75.0,58.2,107,7.46,3,71,59,53,42,0,8,1,0
21,Male,90.6,86.1,104,5.21,2,87,93,83,57,0,6,1,0
22,Female,71.7,86.8,101,7.58,3,50,64,92,37,0,4,1,0
22,Female,85.8,59.4,100,8.29,3,86,75,80,93,3,3,0,0
20,Female,55.9,60.3,108,6.67,3,73,61,80,64,0,3,1,0
22,Male,84.2,70.0,96,6.96,3,44,63,55,90,0,5,0,0
22,Female,67.7,58.3,89,7.57,2,57,73,59,34,1,8,0,0
23,Female,83.4,78.8,104,7.81,3,86,58,99,46,1,4,0,0
23,Female,81.6,84.9,110,6.38,3,52,42,81,40,1,6,0,0
25,Male,63.6,59.9,131,8.15,3,94,71,40,36,1,1,0,0
